{
    "model_name": "efficientnet-b0",
    "export_format": "onnx",
    "input_shape": [
        1,
        3,
        224,
        224
    ],
    "creation_date": "2025-05-01T12:14:31.005103",
    "metrics": {
        "accuracy": 0.9730394643400629,
        "precision": 0.985826359832636,
        "recall": 0.9596761875668245,
        "f1_score": 0.9725755269471892,
        "auc_roc": 0.9972737079765601,
        "true_negatives": 19516.0,
        "false_positives": 271.0,
        "false_negatives": 792.0,
        "true_positives": 18849.0,
        "fpr": 0.01369586091878506,
        "fnr": 0.0403238124331755,
        "loss": 0.06938191931444011
    },
    "labels": {
        "0": "real",
        "1": "fake"
    }
}